[
  {
    "name": "Game Slot 1",
    "provider": "PG Soft",
    "rtp": 41,
    "image": "assets/images/starlight.jpg",
    "category": "RTP LIVE"
  },
  {
    "name": "Game Slot 2",
    "provider": "Habanero",
    "rtp": 42,
    "image": "assets/images/mahjong.jpg",
    "category": "SLOT GACOR"
  },
  {
    "name": "Game Slot 3",
    "provider": "Joker Gaming",
    "rtp": 43,
    "image": "assets/images/olympus.jpg",
    "category": "HOT"
  },
  {
    "name": "Game Slot 4",
    "provider": "Pragmatic Play",
    "rtp": 44,
    "image": "assets/images/starlight.jpg",
    "category": "RTP LIVE"
  },
  {
    "name": "Game Slot 5",
    "provider": "PG Soft",
    "rtp": 45,
    "image": "assets/images/mahjong.jpg",
    "category": "SLOT GACOR"
  },
  {
    "name": "Game Slot 6",
    "provider": "Habanero",
    "rtp": 46,
    "image": "assets/images/olympus.jpg",
    "category": "HOT"
  },
  {
    "name": "Game Slot 7",
    "provider": "Joker Gaming",
    "rtp": 47,
    "image": "assets/images/starlight.jpg",
    "category": "RTP LIVE"
  },
  {
    "name": "Game Slot 8",
    "provider": "Pragmatic Play",
    "rtp": 48,
    "image": "assets/images/mahjong.jpg",
    "category": "SLOT GACOR"
  },
  {
    "name": "Game Slot 9",
    "provider": "PG Soft",
    "rtp": 49,
    "image": "assets/images/olympus.jpg",
    "category": "HOT"
  },
  {
    "name": "Game Slot 10",
    "provider": "Habanero",
    "rtp": 50,
    "image": "assets/images/starlight.jpg",
    "category": "RTP LIVE"
  },
  {
    "name": "Game Slot 11",
    "provider": "Joker Gaming",
    "rtp": 51,
    "image": "assets/images/mahjong.jpg",
    "category": "SLOT GACOR"
  },
  {
    "name": "Game Slot 12",
    "provider": "Pragmatic Play",
    "rtp": 52,
    "image": "assets/images/olympus.jpg",
    "category": "HOT"
  },
  {
    "name": "Game Slot 13",
    "provider": "PG Soft",
    "rtp": 53,
    "image": "assets/images/starlight.jpg",
    "category": "RTP LIVE"
  },
  {
    "name": "Game Slot 14",
    "provider": "Habanero",
    "rtp": 54,
    "image": "assets/images/mahjong.jpg",
    "category": "SLOT GACOR"
  },
  {
    "name": "Game Slot 15",
    "provider": "Joker Gaming",
    "rtp": 55,
    "image": "assets/images/olympus.jpg",
    "category": "HOT"
  },
  {
    "name": "Game Slot 16",
    "provider": "Pragmatic Play",
    "rtp": 56,
    "image": "assets/images/starlight.jpg",
    "category": "RTP LIVE"
  },
  {
    "name": "Game Slot 17",
    "provider": "PG Soft",
    "rtp": 57,
    "image": "assets/images/mahjong.jpg",
    "category": "SLOT GACOR"
  },
  {
    "name": "Game Slot 18",
    "provider": "Habanero",
    "rtp": 58,
    "image": "assets/images/olympus.jpg",
    "category": "HOT"
  },
  {
    "name": "Game Slot 19",
    "provider": "Joker Gaming",
    "rtp": 59,
    "image": "assets/images/starlight.jpg",
    "category": "RTP LIVE"
  },
  {
    "name": "Game Slot 20",
    "provider": "Pragmatic Play",
    "rtp": 60,
    "image": "assets/images/mahjong.jpg",
    "category": "SLOT GACOR"
  },
  {
    "name": "Game Slot 21",
    "provider": "PG Soft",
    "rtp": 61,
    "image": "assets/images/olympus.jpg",
    "category": "HOT"
  },
  {
    "name": "Game Slot 22",
    "provider": "Habanero",
    "rtp": 62,
    "image": "assets/images/starlight.jpg",
    "category": "RTP LIVE"
  },
  {
    "name": "Game Slot 23",
    "provider": "Joker Gaming",
    "rtp": 63,
    "image": "assets/images/mahjong.jpg",
    "category": "SLOT GACOR"
  },
  {
    "name": "Game Slot 24",
    "provider": "Pragmatic Play",
    "rtp": 64,
    "image": "assets/images/olympus.jpg",
    "category": "HOT"
  },
  {
    "name": "Game Slot 25",
    "provider": "PG Soft",
    "rtp": 65,
    "image": "assets/images/starlight.jpg",
    "category": "RTP LIVE"
  },
  {
    "name": "Game Slot 26",
    "provider": "Habanero",
    "rtp": 66,
    "image": "assets/images/mahjong.jpg",
    "category": "SLOT GACOR"
  },
  {
    "name": "Game Slot 27",
    "provider": "Joker Gaming",
    "rtp": 67,
    "image": "assets/images/olympus.jpg",
    "category": "HOT"
  },
  {
    "name": "Game Slot 28",
    "provider": "Pragmatic Play",
    "rtp": 68,
    "image": "assets/images/starlight.jpg",
    "category": "RTP LIVE"
  },
  {
    "name": "Game Slot 29",
    "provider": "PG Soft",
    "rtp": 69,
    "image": "assets/images/mahjong.jpg",
    "category": "SLOT GACOR"
  },
  {
    "name": "Game Slot 30",
    "provider": "Habanero",
    "rtp": 70,
    "image": "assets/images/olympus.jpg",
    "category": "HOT"
  },
  {
    "name": "Game Slot 31",
    "provider": "Joker Gaming",
    "rtp": 71,
    "image": "assets/images/starlight.jpg",
    "category": "RTP LIVE"
  },
  {
    "name": "Game Slot 32",
    "provider": "Pragmatic Play",
    "rtp": 72,
    "image": "assets/images/mahjong.jpg",
    "category": "SLOT GACOR"
  },
  {
    "name": "Game Slot 33",
    "provider": "PG Soft",
    "rtp": 73,
    "image": "assets/images/olympus.jpg",
    "category": "HOT"
  },
  {
    "name": "Game Slot 34",
    "provider": "Habanero",
    "rtp": 74,
    "image": "assets/images/starlight.jpg",
    "category": "RTP LIVE"
  },
  {
    "name": "Game Slot 35",
    "provider": "Joker Gaming",
    "rtp": 75,
    "image": "assets/images/mahjong.jpg",
    "category": "SLOT GACOR"
  },
  {
    "name": "Game Slot 36",
    "provider": "Pragmatic Play",
    "rtp": 76,
    "image": "assets/images/olympus.jpg",
    "category": "HOT"
  },
  {
    "name": "Game Slot 37",
    "provider": "PG Soft",
    "rtp": 77,
    "image": "assets/images/starlight.jpg",
    "category": "RTP LIVE"
  },
  {
    "name": "Game Slot 38",
    "provider": "Habanero",
    "rtp": 78,
    "image": "assets/images/mahjong.jpg",
    "category": "SLOT GACOR"
  },
  {
    "name": "Game Slot 39",
    "provider": "Joker Gaming",
    "rtp": 79,
    "image": "assets/images/olympus.jpg",
    "category": "HOT"
  },
  {
    "name": "Game Slot 40",
    "provider": "Pragmatic Play",
    "rtp": 80,
    "image": "assets/images/starlight.jpg",
    "category": "RTP LIVE"
  },
  {
    "name": "Game Slot 41",
    "provider": "PG Soft",
    "rtp": 81,
    "image": "assets/images/mahjong.jpg",
    "category": "SLOT GACOR"
  },
  {
    "name": "Game Slot 42",
    "provider": "Habanero",
    "rtp": 82,
    "image": "assets/images/olympus.jpg",
    "category": "HOT"
  },
  {
    "name": "Game Slot 43",
    "provider": "Joker Gaming",
    "rtp": 83,
    "image": "assets/images/starlight.jpg",
    "category": "RTP LIVE"
  },
  {
    "name": "Game Slot 44",
    "provider": "Pragmatic Play",
    "rtp": 84,
    "image": "assets/images/mahjong.jpg",
    "category": "SLOT GACOR"
  },
  {
    "name": "Game Slot 45",
    "provider": "PG Soft",
    "rtp": 85,
    "image": "assets/images/olympus.jpg",
    "category": "HOT"
  },
  {
    "name": "Game Slot 46",
    "provider": "Habanero",
    "rtp": 86,
    "image": "assets/images/starlight.jpg",
    "category": "RTP LIVE"
  },
  {
    "name": "Game Slot 47",
    "provider": "Joker Gaming",
    "rtp": 87,
    "image": "assets/images/mahjong.jpg",
    "category": "SLOT GACOR"
  },
  {
    "name": "Game Slot 48",
    "provider": "Pragmatic Play",
    "rtp": 88,
    "image": "assets/images/olympus.jpg",
    "category": "HOT"
  },
  {
    "name": "Game Slot 49",
    "provider": "PG Soft",
    "rtp": 89,
    "image": "assets/images/starlight.jpg",
    "category": "RTP LIVE"
  },
  {
    "name": "Game Slot 50",
    "provider": "Habanero",
    "rtp": 90,
    "image": "assets/images/mahjong.jpg",
    "category": "SLOT GACOR"
  }
]